{
 "best_layer": 32,
 "fvu": 0.6234767163535492,
 "r2": 0.3765232836464508
}